{
  "base_model": {
    "OCA": 0.0,
    "tIoU@0.5": 0.0,
    "AA@1": 0.0
  },
  "finetuned_model": {
    "OCA": 0.3448275862068966,
    "tIoU@0.5": 0.0,
    "AA@1": 0.3793103448275862
  }
}